human,elf,dwarf,halfling,tiefling,gnome,draconic,orc
Aalis,Adran,Adrik,Alton,Abad,Alston,Adrex,Argran
Aaliyah,Adrie,Alberich,Ander,Ahrim,Slvyn,Arjhan,Arha
Aang,Ael,Anbera,Alain,Akta,Abalaba,Akra,Baggi
A'at,Aelar,Artin,Andry,Anakis,Bimpnottin,Aasathra,Bendoo
Aatrox,Aerdeth,Audhild,Anne,Armara,Breena,Antara,Bilga
Abbad,Ahinar,Baern,Bernie,Akmen,Anverth,Azzakh,Braak
Abdul,Ahvain,Balifra,Bella,Astaro,Buvvia,Arava,Brakka
Abebe,Althaea,Barbena,Blossom,Aym,Callybon,Biri,Brug
Abebi,Anastrianna,Bardryn,Bree,Azza,Caramip,Blendaeth,Cagak
Abel,Andraste,Barendd,Bobbin,Amnon,Arumawann,Balasar,Creega
Abel,Ang,Beloril,Cade,Andram,Bilbron,Baradad,Cynk
Abelia,Antinua,Bolhild,Callie,Beleth,Carlin,Burana,Dench
Abella,Ara,Brottor,Callus,Astaro,Boddynock,Bharash,Dorn
Abena,Aramil,Dagnal,Chenna,Bryseis,Cumpen,Chassath,Drenna
Abha,Arannis,Dain,Corrin,Balam,Brocc,Bidreked,Drenna
Abhay,Arara,Dalgal,Dannad,Barakas,Burgell,Dadalan,Druuk
Abidemi,Ari,Dariff,Cora,B une,Dalaba,Daar,Ekk
Abigail,Arn,Darrak,Danniel,Bathin,Cockaby,Dazzazn,Emen
Abimbola,Aust,Delg,Eddie,Caim,Crampernap,Direcris,Engong
Abrafo,Aym,Delre,Dee,Criella,Donella,Dentratha,Feng
Abraham,Azaki,Diesa,Dell,Damaia,Duvamil,Doudra,Fistula
Acacia,Baelitae,Duergath,Egart,Chem,Dabbledob,Donaar,Gaaki
Acaena,Beiro,Dworic,Eldon,Cimer,Delebean,Fax,Gell
Acantha,Berrian,Eberk,Errich,Cressel,Dimble,Gargax,Gnarsh
Achcauhtli,Bethrynna,Einkil,Fildo,Damakos,Eberdeb,Ghesh,Gorga
Achillea,Birel,Elaim,Finnan,Ekemon,Eldon,Gorbundus,Grai
Achmed,Broe,Eldeth,Eida,Decarabia,Ella,Driindar,Greeba
Ada,Bryn,Erias,Franklin,Euron,Erky,Greethen,Grigi
Adalina,Cael,Eridred,Eran,Ea,Ellyjoybell,Eggren,Grumbar
Adam,Caeldrim,Falkrunn,Euphemia,Gadreel,Ellywick,Farideh,Gubrash
Adelaide,Caelynn,Fallond,Garret,Fenris,Fablen,Heskan,Hagren
Adelaide,Carric,Fallthra,Georgina,Gomory,Enidda,Findex,Henk
Adelard,Chaedi,Fargrim,Garth,Forcas,Fibblestib,Dirratahak,Hogar
Adele,Claira,Finellen,Gynnie,Hecat,Lilli,Furrele,Holg
Adelhayt,Cy,Gardain,Gilbert,Habor,Fonkin,Ildrex,Hrathy
Adhamh,Dae,Gillydd,Harriet,Ishte,Loopmottin,Gesrethe,Huru
Adisa,Dara,Gilthur,Gob,Iados,Frouse,Kaladan,Ilga
Adonis,Dayereth,Gimgen,Harol,Kairon,Frug,Kerkad,Imsh
Adora,Del,Gimurt,Igor,Leucis,Gerbo,Kiirith,Kabbarg
Adrastos,Dreali,Gunnloda,Jasmine,Jezebeth,Lorilla,Golkass,Kansif
Adriana,Drusilia,Gurdis,Jillian,Kali,Luthra,Harann,Karash
Adrien,Efferil,Harbek,Jasper,Mamnen,Gimble,Kriv,Karg
Adsila,Eiravel,Helgret,Jo,Kallista,Mardnab,Havilar,Keth
Aelia,Elama,Helja,Kithri,Kasdeya,Meena,Hethress,Korag
Aelius,Eli,Hlin,Lavinia,Lerissa,Menny,Hillanot,Krusk
Aella,Enialis,Ilde,Lidda,Lilith,Mumpena,Jaxi,Lagazi
Aemilia,Enna,Jarana,Maegan,Makaria,Nissa,Jezean,Lezre
Aeson,Erdan,Kathra,Marigold,Manea,Numba,Jheri,Lubash
Aetius,Erevan,Kildrak,Keith,Mantus,Glim,Maagog,Megged
Afa,Eryn,Kilia,Merla,Markosian,Nyx,Kadana,Mhurren
Affra,Faen,Kilvar,Kevin,Marbas,Igden,Medrash,Mord
Agata,Faral,Kristryd,Myria,Mastema,Oda,Kava,Morg
Agatha,Felosial,Liftrasa,Nedda,Naamah,Oppah,Korinn,Murgen
Agnes,Fera,Marastyr,Nikki,Nemeia,Orla,Megren,Murook
Agnez,Fivin,Mardred,Nora,Nija,Panana,Mijira,Myev
Agni,Gael,Morana,Olivia,Orianna,Pyntle,Mishann,Nagrette
Agripina,Galinndan,Morgran,Lazam,Melech,Jabble,Mehen,Neega
Agrippa,Gar,Morkral,Lerry,Merihim,Jebeddo,Mozikth,Nella
Agrippina,Gennal,Nalaed,Paela,Osah,Quilla,Nala,Nil
Ahmad,Hadarai,Nalral,Lindal,Modean,Kellen,Mreksh,Nogu
Ahmose,Halimath,Nora,Pearl,Phelaia,Ranala,Nuthra,Nybarg
Ahohako,Hatae,Nordak,Lyle,Mordai,Nipper,Mugrunden,Odorr
Ahri,Heian,Nuraval,Merric,Mormo,Namfoodle,Nadarr,Ohr
Ahsan,Himo,Nurkara,Pennie,Prosperine,Reddlepop,Perra,Oolah
Ahset,Ielenia,Oloric,Mican,Morthos,Oppleby,Nihther,Ootah
Ahtahakoop,Ilanis,Olunt,Milo,Nicor,Orryn,Norkruuth,Ovak
Ahuiliztli,Immeral,Oriff,Philomena,Purah,Roywyn,Pogranix,Ownka
Ahulani,Innil,Orsik,Morrin,Nirgel,Paggen,Nykkan,Puyet
Ai,Irann,Oskar,Nebin,Oriax,Pallabar,Pandjed,Reeza
Aias,Ivellios,Ovina,Portia,Pyra,Salanop,Pyxrin,Rendar
Aida,Jar,Rangrim,Nevil,Paymon,Pog,Patrin,Resh
Aida,Jarsali,Reirak,Osborn,Pelaios,Qualen,Pijjirik,Ront
Aidan,Jelenneth,Riswynn,Robbie,Rieta,Shamil,Quespa,Rrath
Aife,Kan,Rurik,Ostran,Purson,Ribbles,Quarethon,Sark
Aifric,Keyleth,Sannl,Rose,Ronobe,Siffress,Raiann,Scrag
Aika,Koeth,Taklinn,Oswalt,Qemuel,Rimple,Rathkran,Shautha
Ailen,Korfel,Therlin,Saral,Ronwe,Symma,Razena,Sheggen
Aimee,Lael,Thondris,Seraphina,Seddit,Tana,Ruloth,Shump
Aina,Lamlis,Thoradin,Perrin,Raam,Roondar,Rhogar,Silgre
Aineias,Laucian,Thorin,Poppy,Rimmon,Sapply,Rivaan,Sutha
Aiolos,Leshanna,Thradal,Reed,Sammal,Seebo,Sethrekar,Tagga
Airell,Lia,Torbera,Shaena,Seere,Tenena,Saphara,Tanglar
Airic,Lucan,Tordek,Roscoe,Skamos,Senteq,Shamash,Tarak
Airini,Lue,Tordrid,Stacee,Sekhmet,Tervaround,Savaran,Tawar
Aisake,Mai,Torgga,Tawna,Semyaza,Tippletoe,Sora,Thar
Aishwarya,Maiathah,Traubon,Sam,Tethren,Sindri,Shedinn,Thokk
Ajay,Malquis,Travok,Shardon,Thamuz,Umpen,Srorthen,Tomph
Ajit,Mara,Ulfgar,Tye,Therai,Warryn,Tarhun,Trag
Akachi,Mella,Uraim,Ulmo,Valafar,Wiggens,Torinn,Ubada
Akali,Meriele,Urshar,Thea,Shava,Ulla,Surina,Ugarth
Akamu,Mialee,Valida,Trym,Shax,Unvera,Synthrin,Vanchu
Akeem,Mindartis,Veit,Wellby,Vassago,Wobbles,Trynnicus,Varg
Akemi,Mya,Vistra,Tyna,Sorath,Veloptima,Tatyan,Vilberg
Akhil,Myathethil,Vonana,Vani,Uzza,Virra,Thava,Vola
Akhom,Naal,Vonbin,Wendel,Xappan,Wrenn,Valorean,Volen
Akiko,Naeris,Vondral,Wenner,Zerpa,Zaffrab,Vrondiss,Vorka
Akilah,Naill,Werydd,Verna,Vapula,Waywocket,Uadjit,Yevelda
Akio,Naivara,Whurbin,Wes,Zephan,Zook,Zedaar,Yurk
Akoko,Nim,Whurdred,Wella,Vepar,Yebe,Vezera,Zagga
Akoni,Nutae,Yurgunn,Willow,Verin,Zanna,Zykroff,Zed
Alaba,Paelias,,,,,,
Aladiin,Peren,,,,,,
Alaina,Phann,,,,,,
Alana,Py,,,,,,
Alana,Quarion,,,,,,
Alani,Quelenna,,,,,,
Alannah,Quillathe,,,,,,
Alaois,Rael,,,,,,
Alaric,Raer,,,,,,
Alba,Ren,,,,,,
Albanus,Riardon,,,,,,
Alberea,Ridaro,,,,,,
Albrecht,Rinn,,,,,,
Albus,Rolen,,,,,,
Aldous,Rua,,,,,,
Aleki,Sael,,,,,,
Aleks,Sai,,,,,,
Aleksandru,Sariel,,,,,,
Aleksy,Shanairla,,,,,,
Alekto,Shava,,,,,,
Alektos,Silaqui,,,,,,
Alexandre,Soveliss,,,,,,
Alexia,Suhnae,,,,,,
Alfhild,Sumi,,,,,,
Alfonso,Sumnes,,,,,,
Alia,Syllin,,,,,,
Alice,Ta,,,,,,
Alice,Thamior,,,,,,
Alicia,Tharivol,,,,,,
Alicja,Theirastra,,,,,,
Alif,Theren,,,,,,
Alina,Theriatis,,,,,,
Aline,Thervan,,,,,,
Alips,Thia,,,,,,
Aliyah,Thiala,,,,,,
Alkeides,Tia,,,,,,
Alkippe,Tiaathque,,,,,,
Allet,Traki,,,,,,
Allexander,Traulam,,,,,,
Allison,Uthemar,,,,,,
Allistar,Valanthe,,,,,,
Alojzy,Vall,,,,,,
Alonso,Valna,,,,,,
Alphonse,Vanuath,,,,,,
Aluala,Varis,,,,,,
Amadi,Vedania,,,,,,
Amala,Von,,,,,,
Amar,Wil,,,,,,
Amara,Xanaphia,,,,,,
Amaru,Za,,,,,,
Amasis,,,,,,,
Amaya,,,,,,,
Ambrose,,,,,,,
Ambrose,,,,,,,
Ambroys,,,,,,,
Ambrozy,,,,,,,
Ame,,,,,,,
Amée,,,,,,,
Amelia,,,,,,,
Amelie,,,,,,,
Amelot,,,,,,,
Amenemhet,,,,,,,
Amhloibh,,,,,,,
Amina,,,,,,,
Amir,,,,,,,
Amir,,,,,,,
Amit,,,,,,,
Amoxtli,,,,,,,
Amunet,,,,,,,
Ana,,,,,,,
Anada,,,,,,,
Anahera,,,,,,,
Ananta,,,,,,,
Anaru,,,,,,,
Anastasiya,,,,,,,
Anastazja,,,,,,,
Anastazy,,,,,,,
Anatol,,,,,,,
Andraste,,,,,,,
Andre,,,,,,,
Andri,,,,,,,
Andriet,,,,,,,
Andromeda,,,,,,,
Andrzej,,,,,,,
Aneksi,,,,,,,
Anen,,,,,,,
Anewa,,,,,,,
Anghus,,,,,,,
Angnes,,,,,,,
Angus,,,,,,,
Ania,,,,,,,
Anika,,,,,,,
Anita,,,,,,,
Anitelu,,,,,,,
Ankita,,,,,,,
Anming,,,,,,,
Anna,,,,,,,
Anna,,,,,,,
Anne,,,,,,,
Anne,,,,,,,
Anselm,,,,,,,
Anthoine,,,,,,,
Anthon,,,,,,,
Antigone,,,,,,,
Antoin,,,,,,,
Antoni,,,,,,,
Antonia,,,,,,,
Antonia,,,,,,,
Antonia,,,,,,,
Antonius,,,,,,,
Anuhea,,,,,,,
Anuli,,,,,,,
Anvindr,,,,,,,
Anyim,,,,,,,
Aodh,,,,,,,
Aodh,,,,,,,
Aodhagan,,,,,,,
Aodhan,,,,,,,
Aolani,,,,,,,
Apell,,,,,,,
Appius,,,,,,,
Applonia,,,,,,,
April,,,,,,,
Aputi,,,,,,,
Aquila,,,,,,,
Aquilinus,,,,,,,
Aramis,,,,,,,
Archana,,,,,,,
Arcos,,,,,,,
Ardena,,,,,,,
Argos,,,,,,,
Aria,,,,,,,
Ariadne,,,,,,,
Arienh,,,,,,,
Ariki,,,,,,,
Arnaut,,,,,,,
Arnbjorg,,,,,,,
Arnold,,,,,,,
Art,,,,,,,
Artemis,,,,,,,
Arturo,,,,,,,
Arvid,,,,,,,
Asami,,,,,,,
Ase,,,,,,,
Aseem,,,,,,,
Asgeirr,,,,,,,
Asger,,,,,,,
Asha,,,,,,,
Ashe,,,,,,,
Ashkii,,,,,,,
Ashok,,,,,,,
Asim,,,,,,,
Askr,,,,,,,
Aslog,,,,,,,
Asmund,,,,,,,
Astraea,,,,,,,
Astrid,,,,,,,
Astrid,,,,,,,
Ataahua,,,,,,,
Atefeh,,,,,,,
Atet,,,,,,,
Atilus,,,,,,,
Atl,,,,,,,
Atsushi,,,,,,,
Auberon,,,,,,,
Aubrey,,,,,,,
Aucaman,,,,,,,
Auda,,,,,,,
Audhid,,,,,,,
Audrey,,,,,,,
Augusta,,,,,,,
Augustus,,,,,,,
Augustyn,,,,,,,
Aurelia,,,,,,,
Aurelia,,,,,,,
Aurelia,,,,,,,
Aurelion,,,,,,,
Aurelius,,,,,,,
Austeja,,,,,,,
Avani,,,,,,,
Avelina,,,,,,,
Avelina,,,,,,,
Avice,,,,,,,
Avie,,,,,,,
Avitus,,,,,,,
Axton,,,,,,,
Ayo,,,,,,,
Ayumi,,,,,,,
Azir,,,,,,,
Aziz,,,,,,,
Azubuike,,,,,,,
Azul,,,,,,,
Bahadur,,,,,,,
Baishan,,,,,,,
Baketamon,,,,,,,
Balbina,,,,,,,
Balbus,,,,,,,
Baltasar,,,,,,,
Banefre,,,,,,,
Baozhai,,,,,,,
Bapoto,,,,,,,
Baraka,,,,,,,
Barbara,,,,,,,
Barbara,,,,,,,
Bardon,,,,,,,
Barry,,,,,,,
Bartoleme,,,,,,,
Bartosz,,,,,,,
Bashir,,,,,,,
Basilia,,,,,,,
Bassam,,,,,,,
Bastet,,,,,,,
Basu,,,,,,,
Bearacb,,,,,,,
Beatha,,,,,,,
Beatrice,,,,,,,
Beatriz,,,,,,,
Beatrycze,,,,,,,
Bei,,,,,,,
Bek,,,,,,,
Benedick,,,,,,,
Benedykt,,,,,,,
Benito,,,,,,,
Benji,,,,,,,
Benoit,,,,,,,
Beowulf,,,,,,,
Beowulf,,,,,,,
Bergljot,,,,,,,
Berhart,,,,,,,
Berislav,,,,,,,
Bernard,,,,,,,
Bernard,,,,,,,
Bernard,,,,,,,
Bernat,,,,,,,
Bertram,,,,,,,
Bethany,,,,,,,
Betrest,,,,,,,
Bevyn,,,,,,,
Bianka,,,,,,,
Bingwen,,,,,,,
Birghild,,,,,,,
Birgit,,,,,,,
Bjarte,,,,,,,
Bjorg,,,,,,,
Bjorn,,,,,,,
Blancha,,,,,,,
Blandina,,,,,,,
Blandus,,,,,,,
Blanka,,,,,,,
Blasco,,,,,,,
Blasius,,,,,,,
Blazej,,,,,,,
Blazh,,,,,,,
Blazh,,,,,,,
Bluebell,,,,,,,
Boden,,,,,,,
Boden,,,,,,,
Bodil,,,,,,,
Boeng,,,,,,,
Bogdana,,,,,,,
Bogumir,,,,,,,
Boguslav,,,,,,,
Bohlale,,,,,,,
Bolanle,,,,,,,
Boleslava,,,,,,,
Bolin,,,,,,,
Bongani,,,,,,,
Bonita,,,,,,,
Boris,,,,,,,
Borislav,,,,,,,
Bosede,,,,,,,
Boyd,,,,,,,
Bozhena,,,,,,,
Bozhidar,,,,,,,
Bradach,,,,,,,
Bradley,,,,,,,
Bran,,,,,,,
Brandr,,,,,,,
Brandt,,,,,,,
Brasil,,,,,,,
Bratomil,,,,,,,
Bratoslav,,,,,,,
Bredon,,,,,,,
Brenden,,,,,,,
Brenna,,,,,,,
Brian,,,,,,,
Briann,,,,,,,
Briann,,,,,,,
Bricriu,,,,,,,
Brida,,,,,,,
Brigita,,,,,,,
Brigitte,,,,,,,
Brody,,,,,,,
Bronislav,,,,,,,
Brontes,,,,,,,
Brutus,,,,,,,
Bryant,,,,,,,
Brygida,,,,,,,
Brynhild,,,,,,,
Brynjar,,,,,,,
Bujune,,,,,,,
Bunefer,,,,,,,
Bunko,,,,,,,
Burdick,,,,,,,
Butat,,,,,,,
Buttercup,,,,,,,
Buziba,,,,,,,
Byelobog,,,,,,,
Cadman,,,,,,,
Cael,,,,,,,
Caelia,,,,,,,
Caelius,,,,,,,
Caitlyn,,,,,,,
Caius,,,,,,,
Caixia,,,,,,,
Calder,,,,,,,
Calfuray,,,,,,,
Calvin,,,,,,,
Cameron,,,,,,,
Camila,,,,,,,
Camilla,,,,,,,
Camille,,,,,,,
Cande,,,,,,,
Caomh,,,,,,,
Cara,,,,,,,
Caradoc,,,,,,,
Carlos,,,,,,,
Carmen,,,,,,,
Carrie,,,,,,,
Carroll,,,,,,,
Carter,,,,,,,
Casey,,,,,,,
Casia,,,,,,,
Casian,,,,,,,
Caspar,,,,,,,
Caspian,,,,,,,
Cassidy,,,,,,,
Cassius,,,,,,,
Cateline,,,,,,,
Catlina,,,,,,,
Cato,,,,,,,
Cecilia,,,,,,,
Cecilia,,,,,,,
Cecily,,,,,,,
Cedric,,,,,,,
Ceibhfhionn,,,,,,,
Celeste,,,,,,,
Celestyna,,,,,,,
Celosia,,,,,,,
Celsus,,,,,,,
Cennetig,,,,,,,
Centehua,,,,,,,
Cessna,,,,,,,
Cezary,,,,,,,
Chaima,,,,,,,
Chakas,,,,,,,
Chakide,,,,,,,
Chalchiuitl,,,,,,,
Chand,,,,,,,
Chandana,,,,,,,
Chandra,,,,,,,
Chandrakanta,,,,,,,
Changchang,,,,,,,
Changchang,,,,,,,
Chao,,,,,,,
Charlene,,,,,,,
Charles,,,,,,,
Charles,,,,,,,
Charles,,,,,,,
Charlot,,,,,,,
Chauncey,,,,,,,
Chedomir,,,,,,,
Chen,,,,,,,
Cheng,,,,,,,
Chernobog,,,,,,,
Chestibor,,,,,,,
Chestirad,,,,,,,
Chestislav,,,,,,,
Chetan,,,,,,,
Chiamaka,,,,,,,
Chibuzo,,,,,,,
Chicahua,,,,,,,
Chidi,,,,,,,
Chidimma,,,,,,,
Chieko,,,,,,,
Chika,,,,,,,
Chika,,,,,,,
Chimalli,,,,,,,
Chimola,,,,,,,
Chinyere,,,,,,,
Chioma,,,,,,,
Chipahua,,,,,,,
Chiratidzo,,,,,,,
Chiyo,,,,,,,
Chloe,,,,,,,
Chloros,,,,,,,
Cho,,,,,,,
Chou,,,,,,,
Chryseos,,,,,,,
Chunhua,,,,,,,
Ciara,,,,,,,
Cibor,,,,,,,
Cihuaton,,,,,,,
Cinnia,,,,,,,
Cipactli,,,,,,,
Citlali,,,,,,,
Citlalmina,,,,,,,
Clancy,,,,,,,
Clara,,,,,,,
Clarence,,,,,,,
Claricia,,,,,,,
Clas,,,,,,,
Claudia,,,,,,,
Claudius,,,,,,,
Clerebold,,,,,,,
Clint,,,,,,,
Cliodhna,,,,,,,
Cloelia,,,,,,,
Cloelius,,,,,,,
Cnaeus,,,,,,,
Coaxoch,,,,,,,
Codelia,,,,,,,
Colborn,,,,,,,
Cole,,,,,,,
Colette,,,,,,,
Colin,,,,,,,
Collette,,,,,,,
Conalt,,,,,,,
Conan,,,,,,,
Conchobar,,,,,,,
Condon,,,,,,,
Connor,,,,,,,
Conrad,,,,,,,
Constantin,,,,,,,
Corinthia,,,,,,,
Cortana,,,,,,,
Cosette,,,,,,,
Coszcatl,,,,,,,
Coyotl,,,,,,,
Cozamalotl,,,,,,,
Cressida,,,,,,,
Crispus,,,,,,,
Cristina,,,,,,,
Cristina,,,,,,,
Cristoff,,,,,,,
Cromwell,,,,,,,
Cuahtémoc,,,,,,,
Cualli,,,,,,,
Cuchulainn,,,,,,,
Cuetlachtilo,,,,,,,
Cuetzpalli,,,,,,,
Cuicatl,,,,,,,
Cuixtli,,,,,,,
Cuyler,,,,,,,
Cyprianus,,,,,,,
Cyril,,,,,,,
Cyryl,,,,,,,
Czibor,,,,,,,
Da,,,,,,,
Dabulamanzi,,,,,,,
Dada,,,,,,,
Daffodil,,,,,,,
Daffy,,,,,,,
Dafodil,,,,,,,
Dagamar,,,,,,,
Dagmar,,,,,,,
Dahlia,,,,,,,
Daianna,,,,,,,
Daichi,,,,,,,
Daiki,,,,,,,
Daisuke,,,,,,,
Daisy,,,,,,,
Daiyu,,,,,,,
Dale,,,,,,,
Daliah,,,,,,,
Damazo,,,,,,,
Damian,,,,,,,
Damodar,,,,,,,
Danica,,,,,,,
Daniel,,,,,,,
Dante,,,,,,,
Daphne,,,,,,,
Darcy,,,,,,,
Dardanos,,,,,,,
Darek,,,,,,,
Darhsan,,,,,,,
Daria,,,,,,,
Darius,,,,,,,
Dariusz,,,,,,,
Darshana,,,,,,,
Darya,,,,,,,
David,,,,,,,
Dawid,,,,,,,
Dazbog,,,,,,,
Dedyet,,,,,,,
Deheune,,,,,,,
Deimos,,,,,,,
Deirdre,,,,,,,
Deja,,,,,,,
Delilah,,,,,,,
Della,,,,,,,
Denisete,,,,,,,
Denisete,,,,,,,
Derek,,,,,,,
Desdemona,,,,,,,
Desilav,,,,,,,
Desislava,,,,,,,
Desmond,,,,,,,
Despoina,,,,,,,
Devdan,,,,,,,
Devi,,,,,,,
Devin,,,,,,,
Diana,,,,,,,
Dianella,,,,,,,
Die,,,,,,,
Diederich,,,,,,,
Diego,,,,,,,
Dieter,,,,,,,
Dieterich,,,,,,,
Diggory,,,,,,,
Dillion,,,,,,,
Dimah,,,,,,,
Dinesh,,,,,,,
Dingxiang,,,,,,,
Diocletianus,,,,,,,
Diomedes,,,,,,,
Dione,,,,,,,
Dipak,,,,,,,
Dipto,,,,,,,
Divone,,,,,,,
Djedefre,,,,,,,
Djoser,,,,,,,
Dmitrei,,,,,,,
Dobrogost,,,,,,,
Dobromil,,,,,,,
Dobroslav,,,,,,,
Dolores,,,,,,,
Dominga,,,,,,,
Domingo,,,,,,,
Domitia,,,,,,,
Donagh,,,,,,,
Donaghy,,,,,,,
Donall,,,,,,,
Donia,,,,,,,
Donndubhan,,,,,,,
Doreena,,,,,,,
Dorian,,,,,,,
Dorotea,,,,,,,
Dorothea,,,,,,,
Douglas,,,,,,,
Doyle,,,,,,,
Dragomir,,,,,,,
Dragoslava,,,,,,,
Dragutin,,,,,,,
Draven,,,,,,,
Drazhan,,,,,,,
Driscoll,,,,,,,
Drogo,,,,,,,
Drusa,,,,,,,
Dubhan,,,,,,,
Duer,,,,,,,
Dumisa,,,,,,,
Dunja,,,,,,,
Durant,,,,,,,
Duretta,,,,,,,
Dwanh,,,,,,,
Dwayne,,,,,,,
Dwyn,,,,,,,
Dymitr,,,,,,,
Eamon,,,,,,,
Ebele,,,,,,,
Eddie,,,,,,,
Edel,,,,,,,
Edelina,,,,,,,
Edmund,,,,,,,
Edna,,,,,,,
Edouart,,,,,,,
Edward,,,,,,,
Eerika,,,,,,,
Efemena,,,,,,,
Efrosinia,,,,,,,
Egelina,,,,,,,
Eghan,,,,,,,
Egil,,,,,,,
Egnatius,,,,,,,
Ehecatl,,,,,,,
Ehsan,,,,,,,
Ehuang,,,,,,,
Eiji,,,,,,,
Eiko,,,,,,,
Eileen,,,,,,,
Eileithyia,,,,,,,
Einar,,,,,,,
Eira,,,,,,,
Ejiro,,,,,,,
Ekoterina,,,,,,,
Ekundayo,,,,,,,
Eleanor,,,,,,,
Elektra,,,,,,,
Elena,,,,,,,
Elena,,,,,,,
Elenoa,,,,,,,
Eleuia,,,,,,,
Elham,,,,,,,
Elias,,,,,,,
Elicia,,,,,,,
Elise,,,,,,,
Eliza,,,,,,,
Elizabeth,,,,,,,
Ella,,,,,,,
Ella,,,,,,,
Ellen,,,,,,,
Ellis,,,,,,,
Eloise,,,,,,,
Elouise,,,,,,,
Eloxochitl,,,,,,,
Els,,,,,,,
Elsbeth,,,,,,,
Elsha,,,,,,,
Elysande,,,,,,,
Emeka,,,,,,,
Emele,,,,,,,
Emeny,,,,,,,
Emiko,,,,,,,
Emile,,,,,,,
Emilio,,,,,,,
Emma,,,,,,,
Emmanuel,,,,,,,
Emmeline,,,,,,,
Emmelot,,,,,,,
Endymion,,,,,,,
Enele,,,,,,,
Engel,,,,,,,
Engel,,,,,,,
Engelhart,,,,,,,
Enid,,,,,,,
Enitan,,,,,,,
Enlein,,,,,,,
Enndlin,,,,,,,
Ennius,,,,,,,
Enrique,,,,,,,
Enya,,,,,,,
Epimetheus,,,,,,,
Epona,,,,,,,
Epotek,,,,,,,
Eqyn,,,,,,,
Erebos,,,,,,,
Eremon,,,,,,,
Erhart,,,,,,,
Eri,,,,,,,
Eric,,,,,,,
Eric,,,,,,,
Erin,,,,,,,
Erland,,,,,,,
Ermentrudis,,,,,,,
Ermina,,,,,,,
Ernault,,,,,,,
Escobar,,,,,,,
Esha,,,,,,,
Esko,,,,,,,
Esmerelda,,,,,,,
Etalpalli,,,,,,,
Ethan,,,,,,,
Ethne,,,,,,,
Ethor,,,,,,,
Etsuko,,,,,,,
Ettor,,,,,,,
Euadne,,,,,,,
Euandros,,,,,,,
Eudora,,,,,,,
Eugene,,,,,,,
Eunomia,,,,,,,
Eva,,,,,,,
Eva,,,,,,,
Evan,,,,,,,
Eve,,,,,,,
Evelina,,,,,,,
Evelynn,,,,,,,
Everard,,,,,,,
Ewa,,,,,,,
Ezreal,,,,,,,
Eztli,,,,,,,
Fabia,,,,,,,
Fabricia,,,,,,,
Fabricius,,,,,,,
Fahim,,,,,,,
Faina,,,,,,,
Fang,,,,,,,
Faolan,,,,,,,
Farah,,,,,,,
Farah,,,,,,,
Faraji,,,,,,,
Farid,,,,,,,
Farouk,,,,,,,
Fatemah,,,,,,,
Fausta,,,,,,,
Faustus,,,,,,,
Faustus,,,,,,,
Fayez,,,,,,,
Fayyaad,,,,,,,
Fazil,,,,,,,
Fef,,,,,,,
Fela,,,,,,,
Felicia,,,,,,,
Felicyta,,,,,,,
Feliks,,,,,,,
Felipina,,,,,,,
Felix,,,,,,,
Felix,,,,,,,
Felix,,,,,,,
Fengang,,,,,,,
Fengang,,,,,,,
Ferdinand,,,,,,,
Fernando,,,,,,,
Ferthus,,,,,,,
Fetia,,,,,,,
Fiachna,,,,,,,
Fianna,,,,,,,
Figaro,,,,,,,
Finn,,,,,,,
Finn,,,,,,,
Finnian,,,,,,,
Fiona,,,,,,,
Fir,,,,,,,
Fiske,,,,,,,
Fiva,,,,,,,
Flavia,,,,,,,
Fleur,,,,,,,
Flint,,,,,,,
Floquart,,,,,,,
Flora,,,,,,,
Florentin,,,,,,,
Floriana,,,,,,,
Flynn,,,,,,,
Folami,,,,,,,
Folkvar,,,,,,,
Ford,,,,,,,
Forsythia,,,,,,,
Francis,,,,,,,
Francisca,,,,,,,
Franciso,,,,,,,
Francisque,,,,,,,
Franciszek,,,,,,,
Francoise,,,,,,,
Frank,,,,,,,
Franklin,,,,,,,
Frantz,,,,,,,
Franz,,,,,,,
Frederick,,,,,,,
Freyja,,,,,,,
Friedrich,,,,,,,
Frige,,,,,,,
Fritjof,,,,,,,
Fritz,,,,,,,
Frode,,,,,,,
Fronicka,,,,,,,
Fryderyka,,,,,,,
Fu,,,,,,,
Fuifui,,,,,,,
Fulvia,,,,,,,
Fumio,,,,,,,
Funanya,,,,,,,
Fuschia,,,,,,,
Gabe,,,,,,,
Gabriel,,,,,,,
Gabriela,,,,,,,
Gaelen,,,,,,,
Gahariet,,,,,,,
Gaige,,,,,,,
Gaius,,,,,,,
Gaja,,,,,,,
Galahad,,,,,,,
Gale,,,,,,,
Galiena,,,,,,,
Galilaha,,,,,,,
Galina,,,,,,,
Galleren,,,,,,,
Galvyn,,,,,,,
Gamila,,,,,,,
Gandralfr,,,,,,,
Gang,,,,,,,
Ganymedes,,,,,,,
Garcia,,,,,,,
Garen,,,,,,,
Garuo,,,,,,,
Gaspar,,,,,,,
Gatura,,,,,,,
Gaultier,,,,,,,
Gawel,,,,,,,
Gebhuza,,,,,,,
Geir,,,,,,,
Gene,,,,,,,
Genefe,,,,,,,
Genevieve,,,,,,,
Genevieve,,,,,,,
Genji,,,,,,,
Geoffrey,,,,,,,
Gerald,,,,,,,
Geras,,,,,,,
Gerhart,,,,,,,
Gerhauss,,,,,,,
Germain,,,,,,,
Germana,,,,,,,
Germanus,,,,,,,
Gero,,,,,,,
Gertrudt,,,,,,,
Gervais,,,,,,,
Geva,,,,,,,
Gibelina,,,,,,,
Gil,,,,,,,
Gila,,,,,,,
Gilbert,,,,,,,
Gilda,,,,,,,
Gildas,,,,,,,
Giles,,,,,,,
Gilles,,,,,,,
Gillette,,,,,,,
Gilroy,,,,,,,
Gina,,,,,,,
Giselle,,,,,,,
Giselle,,,,,,,
Gita,,,,,,,
Gitta,,,,,,,
Glaucia,,,,,,,
Glaukos,,,,,,,
Gnaeus,,,,,,,
Godfrey,,,,,,,
Gomes,,,,,,,
Goncalo,,,,,,,
Gopal,,,,,,,
Gostantin,,,,,,,
Gostislav,,,,,,,
Gotleib,,,,,,,
Gouyen,,,,,,,
Govind,,,,,,,
Gracja,,,,,,,
Graham,,,,,,,
Grania,,,,,,,
Gratiana,,,,,,,
Greg,,,,,,,
Gretchen,,,,,,,
Grigori,,,,,,,
Griselda,,,,,,,
Guang,,,,,,,
Gudrun,,,,,,,
Guidburgis,,,,,,,
Guillemette,,,,,,,
Gunborg,,,,,,,
Gunhild,,,,,,,
Gunter,,,,,,,
Gunter,,,,,,,
Gunvor,,,,,,,
Guoite,,,,,,,
Guttel,,,,,,,
Guy,,,,,,,
Guy,,,,,,,
Gwenhwyfar,,,,,,,
Gwyndolin,,,,,,,
Gwynneth,,,,,,,
Ha,,,,,,,
Ha'aheo,,,,,,,
Habel,,,,,,,
Hadrina,,,,,,,
Hadwisa,,,,,,,
Hai,,,,,,,
Hajime,,,,,,,
Hakim,,,,,,,
Halil,,,,,,,
Halona,,,,,,,
Halvar,,,,,,,
Hamid,,,,,,,
Hana,,,,,,,
Hanano,,,,,,,
Hannah,,,,,,,
Hanohano,,,,,,,
Hans,,,,,,,
Hans,,,,,,,
Hanzo,,,,,,,
Harendra,,,,,,,
Harley,,,,,,,
Harold,,,,,,,
Harsha,,,,,,,
Hartmann,,,,,,,
Haru,,,,,,,
Haruki,,,,,,,
Harvey,,,,,,,
Hasan,,,,,,,
Hatshepsut,,,,,,,
Haukea,,,,,,,
Haunui,,,,,,,
Hauser,,,,,,,
Hazim,,,,,,,
Hecelina,,,,,,,
Hector,,,,,,,
Heidi,,,,,,,
Heinrich,,,,,,,
Heintz,,,,,,,
Hekabe,,,,,,,
Hekaibb,,,,,,,
Hekili,,,,,,,
Hektor,,,,,,,
Helen,,,,,,,
Helena,,,,,,,
Helena,,,,,,,
Helene,,,,,,,
Helene,,,,,,,
Helene,,,,,,,
Helga,,,,,,,
Heloysis,,,,,,,
Helyoudis,,,,,,,
Hemming,,,,,,,
Henenu,,,,,,,
Heng,,,,,,,
Henri,,,,,,,
Henry,,,,,,,
Henry,,,,,,,
Hentie,,,,,,,
Herbert,,,,,,,
Herit,,,,,,,
Herleva,,,,,,,
Herman,,,,,,,
Hermina,,,,,,,
Hermoione,,,,,,,
Heros,,,,,,,
Hertha,,,,,,,
Hetepheres,,,,,,,
Heward,,,,,,,
Heydar,,,,,,,
Hiapo,,,,,,,
Hideaki,,,,,,,
Hideko,,,,,,,
Hideo,,,,,,,
Hi'ilei,,,,,,,
Hikari,,,,,,,
Hikaru,,,,,,,
Hikawera,,,,,,,
Hilde,,,,,,,
Hillevi,,,,,,,
Hina,,,,,,,
Hinatea,,,,,,,
Hippolyte,,,,,,,
Hippolytos,,,,,,,
Hiro,,,,,,,
Hiroki,,,,,,,
Hiroko,,,,,,,
Hisao,,,,,,,
Hishi,,,,,,,
Hisoka,,,,,,,
Hitoshi,,,,,,,
Hjalmar,,,,,,,
Hjortr,,,,,,,
Hodeardis,,,,,,,
Hoku,,,,,,,
Hollyhock,,,,,,,
Hong,,,,,,,
Ho'onani,,,,,,,
Horatia,,,,,,,
Horatius,,,,,,,
Horemheb,,,,,,,
Hortensia,,,,,,,
Horwedja,,,,,,,
Hosein,,,,,,,
Hotaru,,,,,,,
Huali,,,,,,,
Huan,,,,,,,
Hubert,,,,,,,
Hudson,,,,,,,
Huemac,,,,,,,
Hu'eu,,,,,,,
Hugh,,,,,,,
Hugo,,,,,,,
Hugo,,,,,,,
Hugolina,,,,,,,
Huifang,,,,,,,
Huiliang,,,,,,,
Huitzihihuitl,,,,,,,
Huizhong,,,,,,,
Huragok,,,,,,,
Hurley,,,,,,,
Hussein,,,,,,,
Huya,,,,,,,
Iacchus,,,,,,,
Ian,,,,,,,
Ianthe,,,,,,,
Iara,,,,,,,
Iason,,,,,,,
Ibebi,,,,,,,
Iccauhtli,,,,,,,
Ichtaca,,,,,,,
Icnoyotl,,,,,,,
Ida,,,,,,,
Ida,,,,,,,
Idean,,,,,,,
Idelisa,,,,,,,
Idu,,,,,,,
Iesha,,,,,,,
Ifunanya,,,,,,,
Ige,,,,,,,
Ignatio,,,,,,,
Igor,,,,,,,
Ihuicatl,,,,,,,
Ila,,,,,,,
Ilhicamina,,,,,,,
Ilhuitl,,,,,,,
Ilona,,,,,,,
Ilse,,,,,,,
Imamu,,,,,,,
Imbert,,,,,,,
Ime,,,,,,,
Imelda,,,,,,,
Imhotep,,,,,,,
Ina,,,,,,,
Inbar,,,,,,,
Indira,,,,,,,
Indu,,,,,,,
Ineni,,,,,,,
Ines,,,,,,,
Ingimarr,,,,,,,
Ingrid,,,,,,,
Ingrid,,,,,,,
Inia,,,,,,,
Inina,,,,,,,
Intakaes,,,,,,,
Iokaste,,,,,,,
Iolani,,,,,,,
Iole,,,,,,,
Iona,,,,,,,
Iovianus,,,,,,,
Iovita,,,,,,,
Iphigenia,,,,,,,
Ipuki,,,,,,,
Ipwet,,,,,,,
Irena,,,,,,,
Irene,,,,,,,
Irene,,,,,,,
Irenka,,,,,,,
Irina,,,,,,,
Iris,,,,,,,
Iris,,,,,,,
Irmel,,,,,,,
Irsu,,,,,,,
Irven,,,,,,,
Isa,,,,,,,
Isabel,,,,,,,
Isabella,,,,,,,
Isabellis,,,,,,,
Isamu,,,,,,,
Isao,,,,,,,
Isha,,,,,,,
Ishmael,,,,,,,
Iskra,,,,,,,
Ismene,,,,,,,
Isoba,,,,,,,
Isolde,,,,,,,
Itet,,,,,,,
Itotia,,,,,,,
Itotia,,,,,,,
Itu,,,,,,,
Itztli,,,,,,,
Iuitl,,,,,,,
Iuitl,,,,,,,
Iulia,,,,,,,
Iulius,,,,,,,
Ivan,,,,,,,
Ivar,,,,,,,
Ivo,,,,,,,
Iwan,,,,,,,
Iwo,,,,,,,
Ixcatzin,,,,,,,
Ixtli,,,,,,,
Iza,,,,,,,
Izel,,,,,,,
Izumi,,,,,,,
Jabari,,,,,,,
Jacek,,,,,,,
Jack,,,,,,,
Jackie,,,,,,,
Jacob,,,,,,,
Jacob,,,,,,,
Jacoba,,,,,,,
Jacques,,,,,,,
Jacques,,,,,,,
Jacquot,,,,,,,
Jade,,,,,,,
Jadwiga,,,,,,,
Jafar,,,,,,,
Jahid,,,,,,,
Jalal,,,,,,,
Jamal,,,,,,,
Jan,,,,,,,
Jan,,,,,,,
Jane,,,,,,,
Jane,,,,,,,
Janek,,,,,,,
Janusz,,,,,,,
Jaquette,,,,,,,
Jarek,,,,,,,
Jaroslawa,,,,,,,
Jasmine,,,,,,,
Jasna,,,,,,,
Jason,,,,,,,
Jaya,,,,,,,
Jayce,,,,,,,
Jayme,,,,,,,
Jean,,,,,,,
Jecca,,,,,,,
Jedrzej,,,,,,,
Jehan,,,,,,,
Jehannin,,,,,,,
Jengi,,,,,,,
Jengo,,,,,,,
Jenna,,,,,,,
Jennifer,,,,,,,
Jeremias,,,,,,,
Jerome,,,,,,,
Jerzy,,,,,,,
Jess,,,,,,,
Jessica,,,,,,,
Jia,,,,,,,
Jian,,,,,,,
Jiao,,,,,,,
Jiayi,,,,,,,
Jiaying,,,,,,,
Jilan,,,,,,,
Jillian,,,,,,,
Jingfei,,,,,,,
Jinjing,,,,,,,
Jinx,,,,,,,
Joachim,,,,,,,
Joan,,,,,,,
Joan,,,,,,,
Joba,,,,,,,
Jocelyn,,,,,,,
Joel,,,,,,,
Johanna,,,,,,,
Johar,,,,,,,
John,,,,,,,
Jonata,,,,,,,
Jonathan,,,,,,,
Jorg,,,,,,,
Jorge,,,,,,,
Jorunn,,,,,,,
Jose,,,,,,,
Josef,,,,,,,
Joseph,,,,,,,
Joshua,,,,,,,
Juana,,,,,,,
Juana,,,,,,,
Judikael,,,,,,,
Jules,,,,,,,
Julia,,,,,,,
Julian,,,,,,,
Juliana,,,,,,,
Juliotte,,,,,,,
Jun,,,,,,,
June,,,,,,,
Juneau,,,,,,,
Junjie,,,,,,,
Jurgen,,,,,,,
Juryk,,,,,,,
Justyna,,,,,,,
Ka,,,,,,,
Kaamia,,,,,,,
Ka'ana'ana,,,,,,,
Ka'aukai,,,,,,,
Kadmos,,,,,,,
Kaelani,,,,,,,
Ka'ena,,,,,,,
Ka'eo,,,,,,,
Kagemni,,,,,,,
Kagios,,,,,,,
Kahale,,,,,,,
Kahula,,,,,,,
Kahurangi,,,,,,,
Kai,,,,,,,
Kaiea,,,,,,,
Kaikoa,,,,,,,
Kailani,,,,,,,
Kaja,,,,,,,
Kala,,,,,,,
Kale,,,,,,,
Kalea,,,,,,,
Kalim,,,,,,,
Kalista,,,,,,,
Kalliope,,,,,,,
Kallisto,,,,,,,
Kalpana,,,,,,,
Kalyan,,,,,,,
Kalypso,,,,,,,
Kamaile,,,,,,,
Kamakani,,,,,,,
Kamala,,,,,,,
Kamaria,,,,,,,
Kamaria,,,,,,,
Kamau,,,,,,,
Kamea,,,,,,,
Kameyo,,,,,,,
Kana'l,,,,,,,
Kaneonuskatew,,,,,,,
Kang,,,,,,,
Kaniehtiio,,,,,,,
Kanta,,,,,,,
Kari,,,,,,,
Karim,,,,,,,
Karim,,,,,,,
Karl,,,,,,,
Karll,,,,,,,
Karme,,,,,,,
Karney,,,,,,,
Karthus,,,,,,,
Kashi,,,,,,,
Kasmut,,,,,,,
Kassandra,,,,,,,
Kassiopeia,,,,,,,
Kastor,,,,,,,
Kasumi,,,,,,,
Katara,,,,,,,
Katarina,,,,,,,
Katashi,,,,,,,
Katerina,,,,,,,
Katerine,,,,,,,
Katherine,,,,,,,
Katlego,,,,,,,
Katsu,,,,,,,
Katya,,,,,,,
Kawab,,,,,,,
Kawacatoose,,,,,,,
Kawezauce,,,,,,,
Kay,,,,,,,
Kayla,,,,,,,
Kaylee,,,,,,,
Kaylene,,,,,,,
Kayne,,,,,,,
Kazim,,,,,,,
Kazimir,,,,,,,
Keanu,,,,,,,
Keelin,,,,,,,
Kei,,,,,,,
Keith,,,,,,,
Kelvyn,,,,,,,
Kemanub,,,,,,,
Ken,,,,,,,
Kenamon,,,,,,,
Kenji,,,,,,,
Kenna,,,,,,,
Kenna,,,,,,,
Kennocha,,,,,,,
Kenshin,,,,,,,
Kenta,,,,,,,
Kephalos,,,,,,,
Kepheus,,,,,,,
Kevin,,,,,,,
Kewap,,,,,,,
Khadija,,,,,,,
Khadim,,,,,,,
Khaemwaset,,,,,,,
Khafra,,,,,,,
Khalid,,,,,,,
Khemut,,,,,,,
Khusebek,,,,,,,
Kiana,,,,,,,
Kilian,,,,,,,
Killian,,,,,,,
Kimiko,,,,,,,
Kioshi,,,,,,,
Kiran,,,,,,,
Kirby,,,,,,,
Kiri,,,,,,,
Kirke,,,,,,,
Kishori,,,,,,,
Kiya,,,,,,,
Klaas,,,,,,,
Klaudiusz,,,,,,,
Kleio,,,,,,,
Klotho,,,,,,,
Klytie,,,,,,,
Knud,,,,,,,
Koamalu,,,,,,,
Koios,,,,,,,
Kora,,,,,,,
Kreios,,,,,,,
Kresimira,,,,,,,
Kreszentia,,,,,,,
Krieg,,,,,,,
Krista,,,,,,,
Kristie,,,,,,,
Krzys,,,,,,,
Kuen,,,,,,,
Kumar,,,,,,,
Kungund,,,,,,,
Kunsgnos,,,,,,,
Kunto,,,,,,,
Kynthia,,,,,,,
Kyoko,,,,,,,
Kyrilu,,,,,,,
Labhras,,,,,,,
Laelia,,,,,,,
Laios,,,,,,,
Laki,,,,,,,
Lakshmana,,,,,,,
Lalawethika,,,,,,,
Laleh,,,,,,,
Lalita,,,,,,,
Lan,,,,,,,
Lance,,,,,,,
Lara,,,,,,,
Lars,,,,,,,
Latai,,,,,,,
Laura,,,,,,,
Laurentia,,,,,,,
Lavena,,,,,,,
Layla,,,,,,,
Leah,,,,,,,
Leah,,,,,,,
Leandros,,,,,,,
Lech,,,,,,,
Leif,,,,,,,
Leif,,,,,,,
Leigh,,,,,,,
Leigh,,,,,,,
Leo,,,,,,,
Leocadia,,,,,,,
Leon,,,,,,,
Leona,,,,,,,
Leonidas,,,,,,,
Leonor,,,,,,,
Leopold,,,,,,,
Lesedi,,,,,,,
Lesley,,,,,,,
Lestat,,,,,,,
Lester,,,,,,,
Leszek,,,,,,,
Leta,,,,,,,
Leto,,,,,,,
Lew,,,,,,,
Li,,,,,,,
Liam,,,,,,,
Liam,,,,,,,
Liang,,,,,,,
Lidia,,,,,,,
Lihua,,,,,,,
Lilac,,,,,,,
Liliana,,,,,,,
Lilith,,,,,,,
Lillian,,,,,,,
Lily,,,,,,,
Lin,,,,,,,
Lina,,,,,,,
Linda,,,,,,,
Ling,,,,,,,
Ling,,,,,,,
Linhart,,,,,,,
Linnette,,,,,,,
Linos,,,,,,,
Liona,,,,,,,
Lisa,,,,,,,
Liu,,,,,,,
Liufr,,,,,,,
Livia,,,,,,,
Liwei,,,,,,,
Lokelani,,,,,,,
Loki,,,,,,,
Longina,,,,,,,
Lorelei,,,,,,,
Lorentz,,,,,,,
Louis,,,,,,,
Louis,,,,,,,
Louys,,,,,,,
Loys,,,,,,,
Luca,,,,,,,
Lucas,,,,,,,
Lucasta,,,,,,,
Lucia,,,,,,,
Lucian,,,,,,,
Luciana,,,,,,,
Lucilius,,,,,,,
Lucilla,,,,,,,
Lucinda,,,,,,,
Lucius,,,,,,,
Lucja,,,,,,,
Lucretia,,,,,,,
Lucy,,,,,,,
Ludwig,,,,,,,
Lumusi,,,,,,,
Lupe,,,,,,,
Lykos,,,,,,,
Lyle,,,,,,,
Lyonesse,,,,,,,
Lyu omir,,,,,,,
Lyudmila,,,,,,,
Mabina,,,,,,,
Maccus,,,,,,,
Machin,,,,,,,
Madalena,,,,,,,
Madhur,,,,,,,
Magda,,,,,,,
Maggie,,,,,,,
Magnhild,,,,,,,
Magnus,,,,,,,
Mahavir,,,,,,,
Mahmud,,,,,,,
Mahpiya,,,,,,,
Mahuizoh,,,,,,,
Maia,,,,,,,
Maiko,,,,,,,
Maja,,,,,,,
Makai,,,,,,,
Makaio,,,,,,,
Makoto,,,,,,,
Malachi,,,,,,,
Malia,,,,,,,
Malinalxochitl,,,,,,,
Mamoru,,,,,,,
Manauia,,,,,,,
Manfred,,,,,,,
Manius,,,,,,,
Manju,,,,,,,
Manning,,,,,,,
Mansour,,,,,,,
Manu,,,,,,,
Manuka,,,,,,,
Marcel,,,,,,,
Marcella,,,,,,,
Marcia,,,,,,,
Marcus,,,,,,,
Marek,,,,,,,
Maresol,,,,,,,
Margaret,,,,,,,
Margery,,,,,,,
Margot,,,,,,,
Margot,,,,,,,
Margret,,,,,,,
Marguerite,,,,,,,
Mari,,,,,,,
Maria,,,,,,,
Maria,,,,,,,
Maria,,,,,,,
Maricela,,,,,,,
Marie,,,,,,,
Marie,,,,,,,
Marigold,,,,,,,
Marigold,,,,,,,
Marius,,,,,,,
Mariusz,,,,,,,
Mariya,,,,,,,
Marlein,,,,,,,
Marlena,,,,,,,
Marta,,,,,,,
Martha,,,,,,,
Martin,,,,,,,
Martin,,,,,,,
Martyna,,,,,,,
Marv,,,,,,,
Marva,,,,,,,
Marvina,,,,,,,
Marx,,,,,,,
Mary,,,,,,,
Masaharta,,,,,,,
Masako,,,,,,,
Masato,,,,,,,
Masego,,,,,,,
Masumi,,,,,,,
Matata,,,,,,,
Mateu,,,,,,,
Mathias,,,,,,,
Matilda,,,,,,,
Matilde,,,,,,,
Matlal,,,,,,,
Matlalihuitl,,,,,,,
Matthew,,,,,,,
Maui,,,,,,,
Mavis,,,,,,,
Maxima,,,,,,,
Maximus,,,,,,,
May,,,,,,,
Maya,,,,,,,
Maynild,,,,,,,
Mazatl,,,,,,,
McKay,,,,,,,
McKenzie,,,,,,,
Mecatl,,,,,,,
Mechislav,,,,,,,
Meera,,,,,,,
Megaera,,,,,,,
Mehana,,,,,,,
Meili,,,,,,,
Meilin,,,,,,,
Meketre,,,,,,,
Melaina,,,,,,,
Melania,,,,,,,
Melanthios,,,,,,,
Melchor,,,,,,,
Melisandre,,,,,,,
Melisende,,,,,,,
Melissa,,,,,,,
Melpomene,,,,,,,
Menelaus,,,,,,,
Menhet,,,,,,,
Menkhaf,,,,,,,
Mentor,,,,,,,
Mercedes,,,,,,,
Merenre,,,,,,,
Merit,,,,,,,
Merle,,,,,,,
Merneith,,,,,,,
Merseger,,,,,,,
Mertin,,,,,,,
Metjen,,,,,,,
Meztli,,,,,,,
Mi,,,,,,,
Michel,,,,,,,
Michel,,,,,,,
Mictlantecuhtli,,,,,,,
Mieszko,,,,,,,
Mignon,,,,,,,
Miguel,,,,,,,
Miles,,,,,,,
Milintica,,,,,,,
Militsa,,,,,,,
Milivoj,,,,,,,
Millawa,,,,,,,
Mille,,,,,,,
Millicent,,,,,,,
Miloslava,,,,,,,
Miloslaw,,,,,,,
Milosz,,,,,,,
Minori,,,,,,,
Miosh,,,,,,,
Mirek,,,,,,,
Miritamen,,,,,,,
Mirna,,,,,,,
Miroslaw,,,,,,,
Mitchell,,,,,,,
Miyaoaxochitl,,,,,,,
Mizquixaual,,,,,,,
Mizuki,,,,,,,
Moana,,,,,,,
Mohana,,,,,,,
Moira,,,,,,,
Moirin,,,,,,,
Mojisola,,,,,,,
Mokosh,,,,,,,
Momoztli,,,,,,,
Monica,,,,,,,
Monifa,,,,,,,
Monika,,,,,,,
Morana,,,,,,,
Mordecai,,,,,,,
Morelet,,,,,,,
Morgan,,,,,,,
Morgan,,,,,,,
Morganna,,,,,,,
Moritz,,,,,,,
Morrigan,,,,,,,
Moryn,,,,,,,
Moyolehuani,,,,,,,
Mstislav,,,,,,,
Muiredach,,,,,,,
Mukta,,,,,,,
Mulan,,,,,,,
Muriel,,,,,,,
Musharraf,,,,,,,
Mustafa,,,,,,,
Muyet,,,,,,,
Naanadaah,,,,,,,
Nabila,,,,,,,
Nacalli,,,,,,,
Nadine,,,,,,,
Nadir,,,,,,,
Nahuatl,,,,,,,
Naima,,,,,,,
Najila,,,,,,,
Najwa,,,,,,,
Nakato,,,,,,,
Nakia,,,,,,,
Namacuix,,,,,,,
Nanna,,,,,,,
Nanuq,,,,,,,
Naoki,,,,,,,
Narayan,,,,,,,
Nareena,,,,,,,
Nashwa,,,,,,,
Natasha,,,,,,,
Natasza,,,,,,,
Natsuko,,,,,,,
Nausikaa,,,,,,,
Naveen,,,,,,,
Nawra,,,,,,,
Nazim,,,,,,,
Ndidi,,,,,,,
Neale,,,,,,,
Nebamun,,,,,,,
Nebet,,,,,,,
Nebetah,,,,,,,
Nebetka,,,,,,,
Necahual,,,,,,,
Necuametl,,,,,,,
Ned,,,,,,,
Nedjemmut,,,,,,,
Nefertiti,,,,,,,
Neferu,,,,,,,
Nehki,,,,,,,
Neithotep,,,,,,,
Nekure,,,,,,,
Nemesis,,,,,,,
Nenetl,,,,,,,
Neoptolemus,,,,,,,
Nessumontu,,,,,,,
Neva,,,,,,,
Nexahualpilli,,,,,,,
Nezahualcoyotl,,,,,,,
Ngana,,,,,,,
Ngozi,,,,,,,
Nicholas,,,,,,,
Nicolas,,,,,,,
Nicolas,,,,,,,
Nicole,,,,,,,
Nicolle,,,,,,,
Nika,,,,,,,
Niko,,,,,,,
Nikola,,,,,,,
Nikolaj,,,,,,,
Nilda,,,,,,,
Nina,,,,,,,
Nindia,,,,,,,
Ning,,,,,,,
Ninoslav,,,,,,,
Niobe,,,,,,,
Nirav,,,,,,,
Nisha,,,,,,,
Nit,,,,,,,
Nitya,,,,,,,
Niu,,,,,,,
Nkiruka,,,,,,,
Nneka,,,,,,,
Noboru,,,,,,,
Nochehuatl,,,,,,,
Nochtli,,,,,,,
Noelle,,,,,,,
Nofret,,,,,,,
Nohea,,,,,,,
Nolan,,,,,,,
Nona,,,,,,,
Nopaltzin,,,,,,,
Norah,,,,,,,
Noriko,,,,,,,
Norio,,,,,,,
Norman,,,,,,,
Noxochicoztli,,,,,,,
Nthanda,,,,,,,
Nubemiunu,,,,,,,
Nuha,,,,,,,
Nui,,,,,,,
Nura,,,,,,,
Octavia,,,,,,,
Octavius,,,,,,,
Oddr,,,,,,,
Odelina,,,,,,,
Odeserundiye,,,,,,,
Odhran,,,,,,,
Odo,,,,,,,
Ogechi,,,,,,,
Ogechi,,,,,,,
Ohtli,,,,,,,
Oisin,,,,,,,
Okeanos,,,,,,,
Okra,,,,,,,
Olaf,,,,,,,
Olamide,,,,,,,
Olga,,,,,,,
Olga,,,,,,,
Olin,,,,,,,
Oliver,,,,,,,
Olivier,,,,,,,
Oliwia,,,,,,,
Ollin,,,,,,,
Oluchi,,,,,,,
Olwenyo,,,,,,,
Oma,,,,,,,
Omar,,,,,,,
Omolara,,,,,,,
Onyeka,,,,,,,
Orestes,,,,,,,
Oriana,,,,,,,
Oriel,,,,,,,
Orisa,,,,,,,
Ormr,,,,,,,
Osamu,,,,,,,
Osswald,,,,,,,
Osumare,,,,,,,
Otilia,,,,,,,
Ott,,,,,,,
Ottilg,,,,,,,
Oudart,,,,,,,
Ourania,,,,,,,
Ove,,,,,,,
Owen,,,,,,,
Owyn,,,,,,,
Padma,,,,,,,
Padraig,,,,,,,
Pakhom,,,,,,,
Paki,,,,,,,
Pallas,,,,,,,
Paolo,,,,,,,
Papan,,,,,,,
Pascal,,,,,,,
Pascual,,,,,,,
Patli,,,,,,,
Patrick,,,,,,,
Patroklos,,,,,,,
Patrycja,,,,,,,
Patryk,,,,,,,
Paulina,,,,,,,
Paulus,,,,,,,
Pawah,,,,,,,
Pawero,,,,,,,
Pea,,,,,,,
Pedro,,,,,,,
Peizhi,,,,,,,
Pelika,,,,,,,
Peng,,,,,,,
Peony,,,,,,,
Percival,,,,,,,
Perrette,,,,,,,
Perrin,,,,,,,
Peseshet,,,,,,,
Peter,,,,,,,
Peter,,,,,,,
Peter,,,,,,,
Peternella,,,,,,,
Petra,,,,,,,
Petrona,,,,,,,
Petronia,,,,,,,
Petronilla,,,,,,,
Phaenna,,,,,,,
Pharah,,,,,,,
Philandros,,,,,,,
Phillippe,,,,,,,
Phoenix,,,,,,,
Phoibos,,,,,,,
Phrixus,,,,,,,
Pierre,,,,,,,
Pierre,,,,,,,
Pike,,,,,,,
Ping,,,,,,,
Piotr,,,,,,,
Piotr,,,,,,,
Poinsettia,,,,,,,
Polymnia,,,,,,,
Pono,,,,,,,
Popoki,,,,,,,
Poppy,,,,,,,
Porcia,,,,,,,
Porico,,,,,,,
Prabhakar,,,,,,,
Prasanna,,,,,,,
Pratima,,,,,,,
Premislav,,,,,,,
Priamos,,,,,,,
Primrose,,,,,,,
Priya,,,,,,,
Pryderi,,,,,,,
Pypuy,,,,,,,
Pyrrhos,,,,,,,
Qadira,,,,,,,
Qadira,,,,,,,
Qalhata,,,,,,,
Qamar,,,,,,,
Qiang,,,,,,,
Qiao,,,,,,,
Qinisela,,,,,,,
Qistina,,,,,,,
Qistina,,,,,,,
Qiu,,,,,,,
Quan,,,,,,,
Quanda,,,,,,,
Quauhtli,,,,,,,
Quetzalxochitl,,,,,,,
Quinn,,,,,,,
Quintilian,,,,,,,
Qusay,,,,,,,
Rada,,,,,,,
Radomir,,,,,,,
Radoslava,,,,,,,
Radovan,,,,,,,
Rafaela,,,,,,,
Rafal,,,,,,,
Rafiq,,,,,,,
Raghu,,,,,,,
Ragna,,,,,,,
Ragnhild,,,,,,,
Rahima,,,,,,,
Rai,,,,,,,
Raisa,,,,,,,
Rajanikant,,,,,,,
Rakesh,,,,,,,
Rakim,,,,,,,
Ralf,,,,,,,
Ramira,,,,,,,
Ramiro,,,,,,,
Ramon,,,,,,,
Ramrose,,,,,,,
Randal,,,,,,,
Rani,,,,,,,
Ranjeet,,,,,,,
Rannulfr,,,,,,,
Ranveig,,,,,,,
Raphael,,,,,,,
Rashad,,,,,,,
Ratimir,,,,,,,
Rauf,,,,,,,
Raymond,,,,,,,
Reaghan,,,,,,,
Rebecca,,,,,,,
Redji,,,,,,,
Regan,,,,,,,
Regnault,,,,,,,
Regulus,,,,,,,
Rei,,,,,,,
Reinhardt,,,,,,,
Ren,,,,,,,
Renaud,,,,,,,
Renee,,,,,,,
Renshu,,,,,,,
Reusin,,,,,,,
Reynard,,,,,,,
Rhoald,,,,,,,
Richard,,,,,,,
Richart,,,,,,,
Rihanna,,,,,,,
Rishi,,,,,,,
Robert,,,,,,,
Robinet,,,,,,,
Rodrigo,,,,,,,
Roger,,,,,,,
Rohesia,,,,,,,
Roland,,,,,,,
Roland,,,,,,,
Rolf,,,,,,,
Ronan,,,,,,,
Ronat,,,,,,,
Rong,,,,,,,
Rong,,,,,,,
Rooker,,,,,,,
Rosalind,,,,,,,
Rosamund,,,,,,,
Rosario,,,,,,,
Rose,,,,,,,
Rostislav,,,,,,,
Roswell,,,,,,,
Rowan,,,,,,,
Rowena,,,,,,,
Ru,,,,,,,
Ruaidri,,,,,,,
Rudjek,,,,,,,
Rudolf,,,,,,,
Rudolff,,,,,,,
Runa,,,,,,,
Ruprecht,,,,,,,
Ruru,,,,,,,
Russell,,,,,,,
Ryota,,,,,,,
Ryszard,,,,,,,
Saadie,,,,,,,
Saaka,,,,,,,
Sabaf,,,,,,,
Sabah,,,,,,,
Sabina,,,,,,,
Sabine,,,,,,,
Sacnite,,,,,,,
Sada,,,,,,,
Sadao,,,,,,,
Sadeh,,,,,,,
Sadek,,,,,,,
Saffron,,,,,,,
Saga,,,,,,,
Sahar,,,,,,,
Saki,,,,,,,
Saladin,,,,,,,
Salma,,,,,,,
Salvador,,,,,,,
Samantha,,,,,,,
Samanya,,,,,,,
Samara,,,,,,,
Sami,,,,,,,
Samir,,,,,,,
Sandra,,,,,,,
Sanjay,,,,,,,
Sanoe,,,,,,,
Sara,,,,,,,
Sarah,,,,,,,
Sarala,,,,,,,
Sascha,,,,,,,
Satina,,,,,,,
Satine,,,,,,,
Satoshi,,,,,,,
Sauvage,,,,,,,
Savannah,,,,,,,
Sayyid,,,,,,,
Seafra,,,,,,,
Seamus,,,,,,,
Sebastian,,,,,,,
Sebastian,,,,,,,
Sebek-khu,,,,,,,
Sebni,,,,,,,
Sedilia,,,,,,,
Sekar,,,,,,,
Selma,,,,,,,
Semele,,,,,,,
Senusret,,,,,,,
Seraphina,,,,,,,
Serena,,,,,,,
Servius,,,,,,,
Sewastian,,,,,,,
Seweryn,,,,,,,
Shabaka,,,,,,,
Shakti,,,,,,,
Shan,,,,,,,
Shandar,,,,,,,
Shandiin,,,,,,,
Shanika,,,,,,,
Shanta,,,,,,,
Shar,,,,,,,
Shatha,,,,,,,
Shen,,,,,,,
Shigeko,,,,,,,
Shigeo,,,,,,,
Shin,,,,,,,
Shinju,,,,,,,
Shir,,,,,,,
Shiva,,,,,,,
Shobha,,,,,,,
Shu,,,,,,,
Shuang,,,,,,,
Sibeal,,,,,,,
Sibilla,,,,,,,
Sibonakaliso,,,,,,,
Sierra,,,,,,,
Sif,,,,,,,
Sigfrid,,,,,,,
Sigmund,,,,,,,
Signe,,,,,,,
Signy,,,,,,,
Sigrid,,,,,,,
Sigrun,,,,,,,
Sigrunn,,,,,,,
Sigurd,,,,,,,
Silvia,,,,,,,
Sima,,,,,,,
Simba,,,,,,,
Simisola,,,,,,,
Simon,,,,,,,
Simon,,,,,,,
Simone,,,,,,,
Siobhan,,,,,,,
Siomha,,,,,,,
Sitamun,,,,,,,
Sitre,,,,,,,
Siwa,,,,,,,
Skari,,,,,,,
Slaine,,,,,,,
Slavitsa,,,,,,,
Slavomir,,,,,,,
Sloan,,,,,,,
Snorri,,,,,,,
Sobieslawa,,,,,,,
Sofia,,,,,,,
Sofiya,,,,,,,
Solveg,,,,,,,
Somintu,,,,,,,
Sona,,,,,,,
Sonal,,,,,,,
Song,,,,,,,
Sonia,,,,,,,
Sora,,,,,,,
Soren,,,,,,,
Soren,,,,,,,
Stanislav,,,,,,,
Stanislava,,,,,,,
Steffan,,,,,,,
Sten,,,,,,,
Stephana,,,,,,,
Stephen,,,,,,,
Stigandr,,,,,,,
Stigr,,,,,,,
Stribog,,,,,,,
Suelo,,,,,,,
Suibhne,,,,,,,
Sumana,,,,,,,
Sumantra,,,,,,,
Sumera,,,,,,,
Sumiko,,,,,,,
Sunita,,,,,,,
Sunny,,,,,,,
Susannah,,,,,,,
Sutek,,,,,,,
Svanhild,,,,,,,
Sven,,,,,,,
Svenja,,,,,,,
Svetlana,,,,,,,
Svetoslav,,,,,,,
Sybil,,,,,,,
Sybilla,,,,,,,
Sybilla,,,,,,,
Sylvie,,,,,,,
Symon,,,,,,,
Syndra,,,,,,,
Szara,,,,,,,
Szczesny,,,,,,,
Szymon,,,,,,,
Tabitha,,,,,,,
Tacita,,,,,,,
Tacitus,,,,,,,
Tadao,,,,,,,
Tadeusz,,,,,,,
Tahia,,,,,,,
Tahira,,,,,,,
Tahu,,,,,,,
Takehiko,,,,,,,
Takeo,,,,,,,
Takeshi,,,,,,,
Takhat,,,,,,,
Takisha,,,,,,,
Takumi,,,,,,,
Talbot,,,,,,,
Talia,,,,,,,
Talib,,,,,,,
Taliesen,,,,,,,
Taliesin,,,,,,,
Talitha,,,,,,,
Tamara,,,,,,,
Tamir,,,,,,,
Tamotsu,,,,,,,
Tanguy,,,,,,,
Tapiwa,,,,,,,
Tara,,,,,,,
Taranis,,,,,,,
Tariq,,,,,,,
Tarset,,,,,,,
Tartarus,,,,,,,
Tasi,,,,,,,
Tatanka,,,,,,,
Tatiana,,,,,,,
Tatsuo,,,,,,,
Tatyana,,,,,,,
Taurau,,,,,,,
Taweret,,,,,,,
Taylor,,,,,,,
Tecumseh,,,,,,,
Teicui,,,,,,,
Temitope,,,,,,,
Tengfei,,,,,,,
Tenoch,,,,,,,
Teoxihuitl,,,,,,,
Tepiltzin,,,,,,,
Tepin,,,,,,,
Teresa,,,,,,,
Terry,,,,,,,
Teuicui,,,,,,,
Teyacapan,,,,,,,
Tezcacoatl,,,,,,,
Thabo,,,,,,,
Thana,,,,,,,
Thaneni,,,,,,,
Theia,,,,,,,
Thema,,,,,,,
Themba,,,,,,,
Theobald,,,,,,,
Theodoric,,,,,,,
Thethi,,,,,,,
Thoman,,,,,,,
Thomas,,,,,,,
Thora,,,,,,,
Tiaho,,,,,,,
Tiernan,,,,,,,
Tiernay,,,,,,,
Tihani,,,,,,,
Timm,,,,,,,
Timothy,,,,,,,
Ting,,,,,,,
Titlayo,,,,,,,
Tlacaelel,,,,,,,
Tlacelel,,,,,,,
Tlaco,,,,,,,
Tlacoehua,,,,,,,
Tlacotl,,,,,,,
Tlalli,,,,,,,
Tlaloc,,,,,,,
Tlanextic,,,,,,,
Tlanextli,,,,,,,
Tlazohtlaloni,,,,,,,
Tlazopillo,,,,,,,
Tobek,,,,,,,
Tomas,,,,,,,
Tomasa,,,,,,,
Tomasz,,,,,,,
Tomislava,,,,,,,
Tomislava,,,,,,,
Tommy,,,,,,,
Torborg,,,,,,,
Toroa,,,,,,,
Toru,,,,,,,
Torunn,,,,,,,
Toshika,,,,,,,
Toshio,,,,,,,
Tove,,,,,,,
Trent,,,,,,,
Trevor,,,,,,,
Trisha,,,,,,,
Tristan,,,,,,,
Tristana,,,,,,,
Troy,,,,,,,
Trygve,,,,,,,
Tsukika,,,,,,,
Tuala,,,,,,,
Tullia,,,,,,,
Turi,,,,,,,
Turoa,,,,,,,
Tusitala,,,,,,,
Uaine,,,,,,,
Udo,,,,,,,
Uduak,,,,,,,
Uetzcayotl,,,,,,,
Ufuoma,,,,,,,
Ula,,,,,,,
Ulanni,,,,,,,
Ulf,,,,,,,
Ulrich,,,,,,,
Uluwehi,,,,,,,
Ulysses,,,,,,,
Ume,,,,,,,
Unn,,,,,,,
Ursel,,,,,,,
Usagi,,,,,,,
Uzoma,,,,,,,
Vaina,,,,,,,
Valentia,,,,,,,
Valentin,,,,,,,
Valeriano,,,,,,,
Valerie,,,,,,,
Vali,,,,,,,
Vallentin,,,,,,,
Valli,,,,,,,
Varius,,,,,,,
Vasili,,,,,,,
Velimir,,,,,,,
Venetia,,,,,,,
Vera,,,,,,,
Verginia,,,,,,,
Veronica,,,,,,,
Veronika,,,,,,,
Vesna,,,,,,,
Vi,,,,,,,
Victoria,,,,,,,
Vidar,,,,,,,
Vigdis,,,,,,,
Vijay,,,,,,,
Vijaya,,,,,,,
Vikram,,,,,,,
Vimal,,,,,,,
Vimala,,,,,,,
Vincent,,,,,,,
Vincent,,,,,,,
Viola,,,,,,,
Violet,,,,,,,
Virgil,,,,,,,
Vishal,,,,,,,
Vita,,,,,,,
Vladek,,,,,,,
Vladimir,,,,,,,
Vladimira,,,,,,,
Vladislav,,,,,,,
Vladislava,,,,,,,
Vlastimir,,,,,,,
Volodimeru,,,,,,,
Vratislav,,,,,,,
Vrsula,,,,,,,
Waata,,,,,,,
Waiola,,,,,,,
Waipuna,,,,,,,
Waitara,,,,,,,
Walpurg,,,,,,,
Walter,,,,,,,
Warwick,,,,,,,
Wei,,,,,,,
Wen,,,,,,,
Wendel,,,,,,,
Wendell,,,,,,,
Werenro,,,,,,,
Wilhelm,,,,,,,
Wilhelm,,,,,,,
William,,,,,,,
Williamina,,,,,,,
Wincenty,,,,,,,
Witold,,,,,,,
Wojciech,,,,,,,
Wolff,,,,,,,
Wolfgang,,,,,,,
Wolfgang,,,,,,,
Wymar,,,,,,,
Wynne,,,,,,,
Xanthos,,,,,,,
Xavier,,,,,,,
Xia,,,,,,,
Xiaobo,,,,,,,
Xiaodan,,,,,,,
Xiaoli,,,,,,,
Xiaoli,,,,,,,
Xihuitl,,,,,,,
Xin,,,,,,,
Xingjuan,,,,,,,
Xingjuan,,,,,,,
Xipilli,,,,,,,
Xiuhcoatl,,,,,,,
Xiuhtonal,,,,,,,
Xue,,,,,,,
Yaa,,,,,,,
Yadira,,,,,,,
Yan,,,,,,,
Yang,,,,,,,
Yaotl,,,,,,,
Yara,,,,,,,
Yarognev,,,,,,,
Yaromir,,,,,,,
Yaroslava,,,,,,,
Yash,,,,,,,
Yasmin,,,,,,,
Yasuko,,,,,,,
Yasuo,,,,,,,
Yazid,,,,,,,
Yazid,,,,,,,
Yejide,,,,,,,
Yelena,,,,,,,
Yennefer,,,,,,,
Yewande,,,,,,,
Ying,,,,,,,
Ying,,,,,,,
Ylva,,,,,,,
Ynes,,,,,,,
Yngvild,,,,,,,
Ynigo,,,,,,,
Yorric,,,,,,,
Ysabeau,,,,,,,
Ysabel,,,,,,,
Ysabel,,,,,,,
Yseult,,,,,,,
Ysionris,,,,,,,
Yuan,,,,,,,
Yue,,,,,,,
Yukio,,,,,,,
Yun,,,,,,,
Yuriko,,,,,,,
Yves,,,,,,,
Yvonne,,,,,,,
Zahra,,,,,,,
Zaida,,,,,,,
Zaina,,,,,,,
Zamar,,,,,,,
Zane,,,,,,,
Zaria,,,,,,,
Zarya,,,,,,,
Zbignev,,,,,,,
Zed,,,,,,,
Zeinab,,,,,,,
Zephyros,,,,,,,
Zhao,,,,,,,
Zhong,,,,,,,
Zoe,,,,,,,
Zofia,,,,,,,
Zoria,,,,,,,
Zuberi,,,,,,,
Zuri,,,,,,,
Zygfryd,,,,,,,
Zygmunt,,,,,,,
Zyra,,,,,,,